Workbook

Sheet Instructions
A1: V5 PAPER TRADE TRACKER
A2: 8-week evaluation before risking real capital
A4: HOW TO USE THIS WORKBOOK
A6: 1. Every Monday: receive V5 signal on Telegram (15 picks).
A7: 2. Open 'Trade Log' tab. Add ONE row per pick with the signal details.
A8: 3. Same day or Tuesday open: paper-buy at the actual market open (note the price).
A9: 4. Each Saturday: review the week. Update Exit columns for any positions that hit stops or completed 5 trading days.
A10: 5. Open 'Weekly Summary' tab. The weekly stats auto-calculate from the Trade Log.
A11: 6. After 8 weeks: open 'Verdict' tab. Read the go/no-go signal.
A13: COLUMN COLOR CODE (industry standard)
A15: BLUE text = manual input (you fill in)
A16: BLACK text = auto-calculated formula
... A32: → Quality of fills: if avg slippage > 0.4% per side, NSE-only orders aren't working — consider limit orders

Sheet Trade Log
A1: Signal Date | B1: Symbol | C1: Conv | D1: Signal Price | E1: Stop Price | F1: Suggested Size INR | G1: Actual Fill Price | H1: Qty (calc) | I1: Slippage % | J1: Dollar at Risk | K1: Exit Date | L1: Exit Reason | M1: Exit Price | N1: Days Held | O1: Realized P&L INR | P1: Realized % | Q1: R Multiple | R1: Outcome
A2: 2026-06-08 | B2: HSCL | C2: 6.9 | D2: 685 | E2: 622.5 | F2: 9333 | H2: =IF(G2>0,F2/G2,0) | I2: =IF(G2>0,(G2-D2)/D2,0) | J2: =IF(AND(G2>0,E2>0),H2*(G2-E2),0) | N2: =IF(AND(ISNUMBER(K2),ISNUMBER(A2)),NETWORKDAYS(A2,K2),0) | O2: =IF(AND(ISNUMBER(M2),H2>0),(M2-G2)*H2,0) | P2: =IF(AND(ISNUMBER(M2),G2>0),(M2-G2)/G2,0) | Q2: =IF(J2>0,O2/J2,0) | R2: =IF(O2="","-",IF(O2>0,"WIN",IF(O2<0,"LOSS","FLAT")))
A3: 2026-06-08 | B3: AUROPHARMA | C3: 6.8 | D3: 1462.3 | E3: 1380 | F3: 9333 | H3: =IF(G3>0,F3/G3,0) | I3: =IF(G3>0,(G3-D3)/D3,0) | J3: =IF(AND(G3>0,E3>0),H3*(G3-E3),0) | N3: =IF(AND(ISNUMBER(K3),ISNUMBER(A3)),NETWORKDAYS(A3,K3),0) | O3: =IF(AND(ISNUMBER(M3),H3>0),(M3-G3)*H3,0) | P3: =IF(AND(ISNUMBER(M3),G3>0),(M3-G3)/G3,0) | Q3: =IF(J3>0,O3/J3,0) | R3: =IF(O3="","-",IF(O3>0,"WIN",IF(O3<0,"LOSS","FLAT")))
A4: 2026-06-08 | B4: BSE | C4: 6.7 | D4: 3880 | E4: 3555.4 | F4: 9333 | H4: =IF(G4>0,F4/G4,0) | I4: =IF(G4>0,(G4-D4)/D4,0) | J4: =IF(AND(G4>0,E4>0),H4*(G4-E4),0) | N4: =IF(AND(ISNUMBER(K4),ISNUMBER(A4)),NETWORKDAYS(A4,K4),0) | O4: =IF(AND(ISNUMBER(M4),H4>0),(M4-G4)*H4,0) | P4: =IF(AND(ISNUMBER(M4),G4>0),(M4-G4)/G4,0) | Q4: =IF(J4>0,O4/J4,0) | R4: =IF(O4="","-",IF(O4>0,"WIN",IF(O4<0,"LOSS","FLAT")))
A5: 2026-06-08 | B5: VIJAYA | C5: 6.5 | D5: 1372.4 | E5: 1248.4 | F5: 9333 | H5: =IF(G5>0,F5/G5,0) | I5: =IF(G5>0,(G5-D5)/D5,0) | J5: =IF(AND(G5>0,E5>0),H5*(G5-E5),0) | N5: =IF(AND(ISNUMBER(K5),ISNUMBER(A5)),NETWORKDAYS(A5,K5),0) | O5: =IF(AND(ISNUMBER(M5),H5>0),(M5-G5)*H5,0) | P5: =IF(AND(ISNUMBER(M5),G5>0),(M5-G5)/G5,0) | Q5: =IF(J5>0,O5/J5,0) | R5: =IF(O5="","-",IF(O5>0,"WIN",IF(O5<0,"LOSS","FLAT")))
A6: 2026-06-08 | B6: NESTLEIND | C6: 6.5 | D6: 1386.2 | E6: 1328.1 | F6: 9333 | H6: =IF(G6>0,F6/G6,0) | I6: =IF(G6>0,(G6-D6)/D6,0) | J6: =IF(AND(G6>0,E6>0),H6*(G6-E6),0) | N6: =IF(AND(ISNUMBER(K6),ISNUMBER(A6)),NETWORKDAYS(A6,K6),0) | O6: =IF(AND(ISNUMBER(M6),H6>0),(M6-G6)*H6,0) | P6: =IF(AND(ISNUMBER(M6),G6>0),(M6-G6)/G6,0) | Q6: =IF(J6>0,O6/J6,0) | R6: =IF(O6="","-",IF(O6>0,"WIN",IF(O6<0,"LOSS","FLAT")))
A7: 2026-06-08 | B7: MARICO | C7: 6.4 | D7: 810.6 | E7: 776.2 | F7: 9333 | H7: =IF(G7>0,F7/G7,0) | I7: =IF(G7>0,(G7-D7)/D7,0) | J7: =IF(AND(G7>0,E7>0),H7*(G7-E7),0) | N7: =IF(AND(ISNUMBER(K7),ISNUMBER(A7)),NETWORKDAYS(A7,K7),0) | O7: =IF(AND(ISNUMBER(M7),H7>0),(M7-G7)*H7,0) | P7: =IF(AND(ISNUMBER(M7),G7>0),(M7-G7)/G7,0) | Q7: =IF(J7>0,O7/J7,0) | R7: =IF(O7="","-",IF(O7>0,"WIN",IF(O7<0,"LOSS","FLAT")))
A8: 2026-06-08 | B8: DMART | C8: 6.4 | D8: 4144.2 | E8: 3943.8 | F8: 9333 | H8: =IF(G8>0,F8/G8,0) | I8: =IF(G8>0,(G8-D8)/D8,0) | J8: =IF(AND(G8>0,E8>0),H8*(G8-E8),0) | N8: =IF(AND(ISNUMBER(K8),ISNUMBER(A8)),NETWORKDAYS(A8,K8),0) | O8: =IF(AND(ISNUMBER(M8),H8>0),(M8-G8)*H8,0) | P8: =IF(AND(ISNUMBER(M8),G8>0),(M8-G8)/G8,0) | Q8: =IF(J8>0,O8/J8,0) | R8: =IF(O8="","-",IF(O8>0,"WIN",IF(O8<0,"LOSS","FLAT")))
A9: 2026-06-08 | B9: LUPIN | C9: 6.4 | D9: 2267.7 | E9: 2187 | F9: 9333 | H9: =IF(G9>0,F9/G9,0) | I9: =IF(G9>0,(G9-D9)/D9,0) | J9: =IF(AND(G9>0,E9>0),H9*(G9-E9),0) | N9: =IF(AND(ISNUMBER(K9),ISNUMBER(A9)),NETWORKDAYS(A9,K9),0) | O9: =IF(AND(ISNUMBER(M9),H9>0),(M9-G9)*H9,0) | P9: =IF(AND(ISNUMBER(M9),G9>0),(M9-G9)/G9,0) | Q9: =IF(J9>0,O9/J9,0) | R9: =IF(O9="","-",IF(O9>0,"WIN",IF(O9<0,"LOSS","FLAT")))
A10: 2026-06-08 | B10: NMDC | C10: 6.3 | D10: 92.9 | E10: 87.1 | F10: 9333 | H10: =IF(G10>0,F10/G10,0) | I10: =IF(G10>0,(G10-D10)/D10,0) | J10: =IF(AND(G10>0,E10>0),H10*(G10-E10),0) | N10: =IF(AND(ISNUMBER(K10),ISNUMBER(A10)),NETWORKDAYS(A10,K10),0) | O10: =IF(AND(ISNUMBER(M10),H10>0),(M10-G10)*H10,0) | P10: =IF(AND(ISNUMBER(M10),G10>0),(M10-G10)/G10,0) | Q10: =IF(J10>0,O10/J10,0) | R10: =IF(O10="","-",IF(O10>0,"WIN",IF(O10<0,"LOSS","FLAT")))
A11: 2026-06-08 | B11: LAURUSLABS | C11: 6.2 | D11: 1446.8 | E11: 1388.5 | F11: 9333 | H11: =IF(G11>0,F11/G11,0) | I11: =IF(G11>0,(G11-D11)/D11,0) | J11: =IF(AND(G11>0,E11>0),H11*(G11-E11),0) | N11: =IF(AND(ISNUMBER(K11),ISNUMBER(A11)),NETWORKDAYS(A11,K11),0) | O11: =IF(AND(ISNUMBER(M11),H11>0),(M11-G11)*H11,0) | P11: =IF(AND(ISNUMBER(M11),G11>0),(M11-G11)/G11,0) | Q11: =IF(J11>0,O11/J11,0) | R11: =IF(O11="","-",IF(O11>0,"WIN",IF(O11<0,"LOSS","FLAT")))
A12: 2026-06-08 | H12: =IF(G12>0,F12/G12,0) | I12: =IF(G12>0,(G12-D12)/D12,0) | J12: =IF(AND(G12>0,E12>0),H12*(G12-E12),0) | N12: =IF(AND(ISNUMBER(K12),ISNUMBER(A12)),NETWORKDAYS(A12,K12),0) | O12: =IF(AND(ISNUMBER(M12),H12>0),(M12-G12)*H12,0) | P12: =IF(AND(ISNUMBER(M12),G12>0),(M12-G12)/G12,0) | Q12: =IF(J12>0,O12/J12,0) | R12: =IF(O12="","-",IF(O12>0,"WIN",IF(O12<0,"LOSS","FLAT")))
A13: 2026-06-08 | H13: =IF(G13>0,F13/G13,0) | I13: =IF(G13>0,(G13-D13)/D13,0) | J13: =IF(AND(G13>0,E13>0),H13*(G13-E13),0) | N13: =IF(AND(ISNUMBER(K13),ISNUMBER(A13)),NETWORKDAYS(A13,K13),0) | O13: =IF(AND(ISNUMBER(M13),H13>0),(M13-G13)*H13,0) | P13: =IF(AND(ISNUMBER(M13),G13>0),(M13-G13)/G13,0) | Q13: =IF(J13>0,O13/J13,0) | R13: =IF(O13="","-",IF(O13>0,"WIN",IF(O13<0,"LOSS","FLAT")))
A14: 2026-06-08 | H14: =IF(G14>0,F14/G14,0) | I14: =IF(G14>0,(G14-D14)/D14,0) | J14: =IF(AND(G14>0,E14>0),H14*(G14-E14),0) | N14: =IF(AND(ISNUMBER(K14),ISNUMBER(A14)),NETWORKDAYS(A14,K14),0) | O14: =IF(AND(ISNUMBER(M14),H14>0),(M14-G14)*H14,0) | P14: =IF(AND(ISNUMBER(M14),G14>0),(M14-G14)/G14,0) | Q14: =IF(J14>0,O14/J14,0) | R14: =IF(O14="","-",IF(O14>0,"WIN",IF(O14<0,"LOSS","FLAT")))
A15: 2026-06-08 | H15: =IF(G15>0,F15/G15,0) | I15: =IF(G15>0,(G15-D15)/D15,0) | J15: =IF(AND(G15>0,E15>0),H15*(G15-E15),0) | N15: =IF(AND(ISNUMBER(K15),ISNUMBER(A15)),NETWORKDAYS(A15,K15),0) | O15: =IF(AND(ISNUMBER(M15),H15>0),(M15-G15)*H15,0) | P15: =IF(AND(ISNUMBER(M15),G15>0),(M15-G15)/G15,0) | Q15: =IF(J15>0,O15/J15,0) | R15: =IF(O15="","-",IF(O15>0,"WIN",IF(O15<0,"LOSS","FLAT")))
A16: 2026-06-08 | H16: =IF(G16>0,F16/G16,0) | I16: =IF(G16>0,(G16-D16)/D16,0) | J16: =IF(AND(G16>0,E16>0),H16*(G16-E16),0) | N16: =IF(AND(ISNUMBER(K16),ISNUMBER(A16)),NETWORKDAYS(A16,K16),0) | O16: =IF(AND(ISNUMBER(M16),H16>0),(M16-G16)*H16,0) | P16: =IF(AND(ISNUMBER(M16),G16>0),(M16-G16)/G16,0) | Q16: =IF(J16>0,O16/J16,0) | R16: =IF(O16="","-",IF(O16>0,"WIN",IF(O16<0,"LOSS","FLAT")))
H17: =IF(G17>0,F17/G17,0) | I17: =IF(G17>0,(G17-D17)/D17,0) | J17: =IF(AND(G17>0,E17>0),H17*(G17-E17),0) | N17: =IF(AND(ISNUMBER(K17),ISNUMBER(A17)),NETWORKDAYS(A17,K17),0) | O17: =IF(AND(ISNUMBER(M17),H17>0),(M17-G17)*H17,0) | P17: =IF(AND(ISNUMBER(M17),G17>0),(M17-G17)/G17,0) | Q17: =IF(J17>0,O17/J17,0) | R17: =IF(O17="","-",IF(O17>0,"WIN",IF(O17<0,"LOSS","FLAT")))
H18: =IF(G18>0,F18/G18,0) | I18: =IF(G18>0,(G18-D18)/D18,0) | J18: =IF(AND(G18>0,E18>0),H18*(G18-E18),0) | N18: =IF(AND(ISNUMBER(K18),ISNUMBER(A18)),NETWORKDAYS(A18,K18),0) | O18: =IF(AND(ISNUMBER(M18),H18>0),(M18-G18)*H18,0) | P18: =IF(AND(ISNUMBER(M18),G18>0),(M18-G18)/G18,0) | Q18: =IF(J18>0,O18/J18,0) | R18: =IF(O18="","-",IF(O18>0,"WIN",IF(O18<0,"LOSS","FLAT")))
H19: =IF(G19>0,F19/G19,0) | I19: =IF(G19>0,(G19-D19)/D19,0) | J19: =IF(AND(G19>0,E19>0),H19*(G19-E19),0) | N19: =IF(AND(ISNUMBER(K19),ISNUMBER(A19)),NETWORKDAYS(A19,K19),0) | O19: =IF(AND(ISNUMBER(M19),H19>0),(M19-G19)*H19,0) | P19: =IF(AND(ISNUMBER(M19),G19>0),(M19-G19)/G19,0) | Q19: =IF(J19>0,O19/J19,0) | R19: =IF(O19="","-",IF(O19>0,"WIN",IF(O19<0,"LOSS","FLAT")))
H20: =IF(G20>0,F20/G20,0) | I20: =IF(G20>0,(G20-D20)/D20,0) | J20: =IF(AND(G20>0,E20>0),H20*(G20-E20),0) | N20: =IF(AND(ISNUMBER(K20),ISNUMBER(A20)),NETWORKDAYS(A20,K20),0) | O20: =IF(AND(ISNUMBER(M20),H20>0),(M20-G20)*H20,0) | P20: =IF(AND(ISNUMBER(M20),G20>0),(M20-G20)/G20,0) | Q20: =IF(J20>0,O20/J20,0) | R20: =IF(O20="","-",IF(O20>0,"WIN",IF(O20<0,"LOSS","FLAT")))
H21: =IF(G21>0,F21/G21,0) | I21: =IF(G21>0,(G21-D21)/D21,0) | J21: =IF(AND(G21>0,E21>0),H21*(G21-E21),0) | N21: =IF(AND(ISNUMBER(K21),ISNUMBER(A21)),NETWORKDAYS(A21,K21),0) | O21: =IF(AND(ISNUMBER(M21),H21>0),(M21-G21)*H21,0) | P21: =IF(AND(ISNUMBER(M21),G21>0),(M21-G21)/G21,0) | Q21: =IF(J21>0,O21/J21,0) | R21: =IF(O21="","-",IF(O21>0,"WIN",IF(O21<0,"LOSS","FLAT")))
H22: =IF(G22>0,F22/G22,0) | I22: =IF(G22>0,(G22-D22)/D22,0) | J22: =IF(AND(G22>0,E22>0),H22*(G22-E22),0) | N22: =IF(AND(ISNUMBER(K22),ISNUMBER(A22)),NETWORKDAYS(A22,K22),0) | O22: =IF(AND(ISNUMBER(M22),H22>0),(M22-G22)*H22,0) | P22: =IF(AND(ISNUMBER(M22),G22>0),(M22-G22)/G22,0) | Q22: =IF(J22>0,O22/J22,0) | R22: =IF(O22="","-",IF(O22>0,"WIN",IF(O22<0,"LOSS","FLAT")))
H23: =IF(G23>0,F23/G23,0) | I23: =IF(G23>0,(G23-D23)/D23,0) | J23: =IF(AND(G23>0,E23>0),H23*(G23-E23),0) | N23: =IF(AND(ISNUMBER(K23),ISNUMBER(A23)),NETWORKDAYS(A23,K23),0) | O23: =IF(AND(ISNUMBER(M23),H23>0),(M23-G23)*H23,0) | P23: =IF(AND(ISNUMBER(M23),G23>0),(M23-G23)/G23,0) | Q23: =IF(J23>0,O23/J23,0) | R23: =IF(O23="","-",IF(O23>0,"WIN",IF(O23<0,"LOSS","FLAT")))
H24: =IF(G24>0,F24/G24,0) | I24: =IF(G24>0,(G24-D24)/D24,0) | J24: =IF(AND(G24>0,E24>0),H24*(G24-E24),0) | N24: =IF(AND(ISNUMBER(K24),ISNUMBER(A24)),NETWORKDAYS(A24,K24),0) | O24: =IF(AND(ISNUMBER(M24),H24>0),(M24-G24)*H24,0) | P24: =IF(AND(ISNUMBER(M24),G24>0),(M24-G24)/G24,0) | Q24: =IF(J24>0,O24/J24,0) | R24: =IF(O24="","-",IF(O24>0,"WIN",IF(O24<0,"LOSS","FLAT")))
H25: =IF(G25>0,F25/G25,0) | I25: =IF(G25>0,(G25-D25)/D25,0) | J25: =IF(AND(G25>0,E25>0),H25*(G25-E25),0) | N25: =IF(AND(ISNUMBER(K25),ISNUMBER(A25)),NETWORKDAYS(A25,K25),0) | O25: =IF(AND(ISNUMBER(M25),H25>0),(M25-G25)*H25,0) | P25: =IF(AND(ISNUMBER(M25),G25>0),(M25-G25)/G25,0) | Q25: =IF(J25>0,O25/J25,0) | R25: =IF(O25="","-",IF(O25>0,"WIN",IF(O25<0,"LOSS","FLAT")))
H26: =IF(G26>0,F26/G26,0) | I26: =IF(G26>0,(G26-D26)/D26,0) | J26: =IF(AND(G26>0,E26>0),H26*(G26-E26),0) | N26: =IF(AND(ISNUMBER(K26),ISNUMBER(A26)),NETWORKDAYS(A26,K26),0) | O26: =IF(AND(ISNUMBER(M26),H26>0),(M26-G26)*H26,0) | P26: =IF(AND(ISNUMBER(M26),G26>0),(M26-G26)/G26,0) | Q26: =IF(J26>0,O26/J26,0) | R26: =IF(O26="","-",IF(O26>0,"WIN",IF(O26<0,"LOSS","FLAT")))
H27: =IF(G27>0,F27/G27,0) | I27: =IF(G27>0,(G27-D27)/D27,0) | J27: =IF(AND(G27>0,E27>0),H27*(G27-E27),0) | N27: =IF(AND(ISNUMBER(K27),ISNUMBER(A27)),NETWORKDAYS(A27,K27),0) | O27: =IF(AND(ISNUMBER(M27),H27>0),(M27-G27)*H27,0) | P27: =IF(AND(ISNUMBER(M27),G27>0),(M27-G27)/G27,0) | Q27: =IF(J27>0,O27/J27,0) | R27: =IF(O27="","-",IF(O27>0,"WIN",IF(O27<0,"LOSS","FLAT")))
H28: =IF(G28>0,F28/G28,0) | I28: =IF(G28>0,(G28-D28)/D28,0) | J28: =IF(AND(G28>0,E28>0),H28*(G28-E28),0) | N28: =IF(AND(ISNUMBER(K28),ISNUMBER(A28)),NETWORKDAYS(A28,K28),0) | O28: =IF(AND(ISNUMBER(M28),H28>0),(M28-G28)*H28,0) | P28: =IF(AND(ISNUMBER(M28),G28>0),(M28-G28)/G28,0) | Q28: =IF(J28>0,O28/J28,0) | R28: =IF(O28="","-",IF(O28>0,"WIN",IF(O28<0,"LOSS","FLAT")))
... H200: =IF(G200>0,F200/G200,0) | I200: =IF(G200>0,(G200-D200)/D200,0) | J200: =IF(AND(G200>0,E200>0),H200*(G200-E200),0) | N200: =IF(AND(ISNUMBER(K200),ISNUMBER(A200)),NETWORKDAYS(A200,K200),0) | O200: =IF(AND(ISNUMBER(M200),H200>0),(M200-G200)*H200,0) | P200: =IF(AND(ISNUMBER(M200),G200>0),(M200-G200)/G200,0) | Q200: =IF(J200>0,O200/J200,0) | R200: =IF(O200="","-",IF(O200>0,"WIN",IF(O200<0,"LOSS","FLAT")))

Sheet Weekly Summary
A1: Week # | B1: Mon Signal Date | C1: Trades Placed | D1: Wins | E1: Losses | F1: Stopped Out | G1: Avg P&L % | H1: Total P&L ₹ | I1: Cum P&L ₹ | J1: Comments
A2: 1 | B2: 2026-06-08 | C2: =COUNTIFS('Trade Log'!A:A,B2,'Trade Log'!B:B,"<>") | D2: =COUNTIFS('Trade Log'!A:A,B2,'Trade Log'!R:R,"WIN") | E2: =COUNTIFS('Trade Log'!A:A,B2,'Trade Log'!R:R,"LOSS") | F2: =COUNTIFS('Trade Log'!A:A,B2,'Trade Log'!L:L,"STOP") | G2: =IFERROR(AVERAGEIFS('Trade Log'!P:P,'Trade Log'!A:A,B2,'Trade Log'!P:P,"<>0"),0) | H2: =SUMIFS('Trade Log'!O:O,'Trade Log'!A:A,B2) | I2: =IF(A2=1,H2,I1+H2)
A3: 2 | B3: 2026-06-15 | C3: =COUNTIFS('Trade Log'!A:A,B3,'Trade Log'!B:B,"<>") | D3: =COUNTIFS('Trade Log'!A:A,B3,'Trade Log'!R:R,"WIN") | E3: =COUNTIFS('Trade Log'!A:A,B3,'Trade Log'!R:R,"LOSS") | F3: =COUNTIFS('Trade Log'!A:A,B3,'Trade Log'!L:L,"STOP") | G3: =IFERROR(AVERAGEIFS('Trade Log'!P:P,'Trade Log'!A:A,B3,'Trade Log'!P:P,"<>0"),0) | H3: =SUMIFS('Trade Log'!O:O,'Trade Log'!A:A,B3) | I3: =IF(A3=1,H3,I2+H3)
A4: 3 | B4: 2026-06-22 | C4: =COUNTIFS('Trade Log'!A:A,B4,'Trade Log'!B:B,"<>") | D4: =COUNTIFS('Trade Log'!A:A,B4,'Trade Log'!R:R,"WIN") | E4: =COUNTIFS('Trade Log'!A:A,B4,'Trade Log'!R:R,"LOSS") | F4: =COUNTIFS('Trade Log'!A:A,B4,'Trade Log'!L:L,"STOP") | G4: =IFERROR(AVERAGEIFS('Trade Log'!P:P,'Trade Log'!A:A,B4,'Trade Log'!P:P,"<>0"),0) | H4: =SUMIFS('Trade Log'!O:O,'Trade Log'!A:A,B4) | I4: =IF(A4=1,H4,I3+H4)
A5: 4 | B5: 2026-06-29 | C5: =COUNTIFS('Trade Log'!A:A,B5,'Trade Log'!B:B,"<>") | D5: =COUNTIFS('Trade Log'!A:A,B5,'Trade Log'!R:R,"WIN") | E5: =COUNTIFS('Trade Log'!A:A,B5,'Trade Log'!R:R,"LOSS") | F5: =COUNTIFS('Trade Log'!A:A,B5,'Trade Log'!L:L,"STOP") | G5: =IFERROR(AVERAGEIFS('Trade Log'!P:P,'Trade Log'!A:A,B5,'Trade Log'!P:P,"<>0"),0) | H5: =SUMIFS('Trade Log'!O:O,'Trade Log'!A:A,B5) | I5: =IF(A5=1,H5,I4+H5)
A6: 5 | B6: 2026-07-06 | C6: =COUNTIFS('Trade Log'!A:A,B6,'Trade Log'!B:B,"<>") | D6: =COUNTIFS('Trade Log'!A:A,B6,'Trade Log'!R:R,"WIN") | E6: =COUNTIFS('Trade Log'!A:A,B6,'Trade Log'!R:R,"LOSS") | F6: =COUNTIFS('Trade Log'!A:A,B6,'Trade Log'!L:L,"STOP") | G6: =IFERROR(AVERAGEIFS('Trade Log'!P:P,'Trade Log'!A:A,B6,'Trade Log'!P:P,"<>0"),0) | H6: =SUMIFS('Trade Log'!O:O,'Trade Log'!A:A,B6) | I6: =IF(A6=1,H6,I5+H6)
A7: 6 | B7: 2026-07-13 | C7: =COUNTIFS('Trade Log'!A:A,B7,'Trade Log'!B:B,"<>") | D7: =COUNTIFS('Trade Log'!A:A,B7,'Trade Log'!R:R,"WIN") | E7: =COUNTIFS('Trade Log'!A:A,B7,'Trade Log'!R:R,"LOSS") | F7: =COUNTIFS('Trade Log'!A:A,B7,'Trade Log'!L:L,"STOP") | G7: =IFERROR(AVERAGEIFS('Trade Log'!P:P,'Trade Log'!A:A,B7,'Trade Log'!P:P,"<>0"),0) | H7: =SUMIFS('Trade Log'!O:O,'Trade Log'!A:A,B7) | I7: =IF(A7=1,H7,I6+H7)
A8: 7 | B8: 2026-07-20 | C8: =COUNTIFS('Trade Log'!A:A,B8,'Trade Log'!B:B,"<>") | D8: =COUNTIFS('Trade Log'!A:A,B8,'Trade Log'!R:R,"WIN") | E8: =COUNTIFS('Trade Log'!A:A,B8,'Trade Log'!R:R,"LOSS") | F8: =COUNTIFS('Trade Log'!A:A,B8,'Trade Log'!L:L,"STOP") | G8: =IFERROR(AVERAGEIFS('Trade Log'!P:P,'Trade Log'!A:A,B8,'Trade Log'!P:P,"<>0"),0) | H8: =SUMIFS('Trade Log'!O:O,'Trade Log'!A:A,B8) | I8: =IF(A8=1,H8,I7+H8)
A9: 8 | B9: 2026-07-27 | C9: =COUNTIFS('Trade Log'!A:A,B9,'Trade Log'!B:B,"<>") | D9: =COUNTIFS('Trade Log'!A:A,B9,'Trade Log'!R:R,"WIN") | E9: =COUNTIFS('Trade Log'!A:A,B9,'Trade Log'!R:R,"LOSS") | F9: =COUNTIFS('Trade Log'!A:A,B9,'Trade Log'!L:L,"STOP") | G9: =IFERROR(AVERAGEIFS('Trade Log'!P:P,'Trade Log'!A:A,B9,'Trade Log'!P:P,"<>0"),0) | H9: =SUMIFS('Trade Log'!O:O,'Trade Log'!A:A,B9) | I9: =IF(A9=1,H9,I8+H9)

Sheet Verdict
A1: 8-WEEK PAPER TRADE VERDICT
A3: METRIC | B3: VALUE | C3: THRESHOLD | D3: PASS? | E3: WEIGHT
A4: Total trades placed | B4: =SUMPRODUCT(--('Trade Log'!B2:B200<>"")) | C4: >=80 | D4: =IF(B3>=80,"PASS","FAIL") | E4: Critical
A5: Total realized P&L (₹) | B5: =SUM('Trade Log'!O2:O200) | C5: Track only | D5: — | E5: —
A6: Total return % (on ₹2L portfolio) | B6: =B4/200000 | C6: >=Benchmark - 3% | D6: Compare manually | E6: Critical
A7: Win rate % | B7: =IFERROR(COUNTIF('Trade Log'!R2:R200,"WIN")/(COUNTIF('Trade Log'!R2:R200,"WIN")+COUNTIF('Trade Log'!R2:R200,"LOSS")),0) | C7: >=45% | D7: =IF(B5>=0.45,"PASS","FAIL") | E7: Critical
A8: Max single-trade loss (₹) | B8: =MIN('Trade Log'!O2:O200) | C8: >-₹2,500 | D8: =IF(B6>-2500,"PASS","FAIL") | E8: Risk control
A9: Stop-loss hit rate % | B9: =IFERROR(COUNTIF('Trade Log'!L2:L200,"STOP")/COUNTIF('Trade Log'!L2:L200,"<>"),0) | C9: 20%-50% | D9: =IF(AND(B7>=0.2,B7<=0.5),"PASS","WATCH") | E9: Diagnostic
A10: Avg slippage per side % | B10: =IFERROR(AVERAGEIFS('Trade Log'!I2:I200,'Trade Log'!I2:I200,"<>0"),0) | C10: <0.4% | D10: =IF(ABS(B8)<0.004,"PASS","FAIL") | E10: Execution quality
A11: Avg R-multiple per trade | B11: =IFERROR(AVERAGEIFS('Trade Log'!Q2:Q200,'Trade Log'!Q2:Q200,"<>0"),0) | C11: >=0.2R | D11: =IF(B9>=0.2,"PASS","WATCH") | E11: Edge quality
A14: FINAL DECISION
A15: If all 'Critical' rows PASS and Total return ≥ Benchmark - 3pp, deploy ₹50,000 starter capital.
A16: If any 'Critical' fails OR Total return < Benchmark - 3pp, do NOT deploy. Stay in paper for 4 more weeks.
A17: If 2+ rounds of 8-week paper fail vs benchmark, accept evidence: switch to passive ETF SIP.
